Date,Close,Unadjusted_close,High,Low,Open,Volume
2020-01-02,43.73,43.73,43.85,43.47,43.51,26287
2020-01-03,43.22,43.22,43.4,42.75,43.4,49036
2020-01-06,41.96,41.96,42.68,41.9,42.68,20637
2020-01-07,43.36,43.36,43.41,42.69,42.69,21812
2020-01-08,43.69,43.69,43.89,42.98,42.98,51724
2020-01-09,44.44,44.44,44.44,43.83,43.98,19853
2020-01-10,43.78,43.78,44.12,43.78,44.12,90187
2020-01-13,43.03,43.03,43.74,42.72,43.74,66451
2020-01-14,43.33,43.33,43.33,42.8,42.94,56550
2020-01-15,43.56,43.56,43.56,43.02,43.02,11539
2020-01-16,44.0,44.0,44.22,43.24,43.24,32804
2020-01-17,43.5,43.5,44.12,43.5,44.12,13603
2020-01-20,43.5,43.5,43.87,43.33,43.87,23399
2020-01-21,46.35,46.35,46.8,43.5,43.5,246559
2020-01-22,45.82,45.82,47.2,45.65,47.2,61812
2020-01-23,44.82,44.82,45.3,44.8,45.3,29225
2020-01-24,45.28,45.28,45.6,45.28,45.48,45289
2020-01-27,43.82,43.82,45.24,43.24,45.24,141004
2020-01-28,44.12,44.12,44.12,43.0,43.48,29832
2020-01-29,44.09,44.09,44.24,43.8,44.24,14266
2020-01-30,43.0,43.0,43.59,43.0,43.59,28792
2020-01-31,43.0,43.0,43.38,42.97,42.97,2972
2020-02-03,42.07,42.07,42.56,42.0,42.56,32887
2020-02-04,43.21,43.21,43.49,42.78,42.78,26380
2020-02-05,43.25,43.25,43.45,42.77,43.0,17310
2020-02-06,43.1,43.1,43.53,42.98,42.98,15494
2020-02-07,41.62,41.62,43.22,41.41,43.22,46249
2020-02-10,42.42,42.42,42.42,41.62,42.1,48174
2020-02-11,42.5,42.5,42.53,42.21,42.21,46329
2020-02-12,43.19,43.19,43.51,42.5,42.98,92974
2020-02-13,43.03,43.03,43.19,43.03,43.19,430
2020-02-14,44.21,44.21,45.0,43.03,43.03,29517
2020-02-17,44.24,44.24,44.51,44.23,44.48,33486
2020-02-18,43.32,43.32,44.16,43.32,44.16,17970
2020-02-19,43.72,43.72,43.72,43.19,43.19,18291
2020-02-20,43.69,43.69,43.97,43.51,43.51,15555
2020-02-21,43.19,43.19,43.54,42.63,43.54,48542
2020-02-24,41.99,41.99,42.32,41.19,42.04,47323
2020-02-25,40.8,40.8,42.19,40.8,41.96,21109
2020-02-26,40.8,40.8,41.55,39.88,40.0,60304
2020-02-27,39.6,39.6,40.8,39.59,40.22,110493
2020-02-28,39.48,39.48,39.69,37.82,38.18,37476
2020-03-02,39.23,39.23,39.95,38.4,39.6,49062
2020-03-03,38.6,38.6,39.3,38.6,39.3,20338
2020-03-04,38.08,38.08,38.8,37.99,38.04,28241
2020-03-05,39.54,39.54,39.59,38.35,38.7,58371
2020-03-06,38.18,38.18,39.0,37.8,38.69,21494
2020-03-09,35.99,35.99,36.04,35.43,35.9,67340
2020-03-10,35.3,35.3,37.18,34.67,36.82,36448
2020-03-11,32.81,32.81,34.83,32.7,34.83,73818
2020-03-12,28.36,28.36,31.5,28.0,31.5,120277
2020-03-13,27.46,27.46,29.55,26.8,27.4,148780
2020-03-16,25.96,25.96,26.83,24.41,26.83,77320
2020-03-17,24.22,24.22,26.0,23.07,25.4,27561
2020-03-18,21.1,21.1,23.5,21.1,22.9,38742
2020-03-19,20.85,20.85,21.1,19.2,21.1,245095
2020-03-20,21.64,21.64,21.93,20.5,20.5,38441
2020-03-23,21.28,21.28,21.28,20.5,20.76,44820
2020-03-24,22.96,22.96,23.1,20.75,21.57,63962
2020-03-25,24.67,24.67,25.6,23.5,23.9,71699
2020-03-26,25.17,25.17,25.17,23.66,24.53,47620
2020-03-27,22.95,22.95,25.49,22.5,25.49,250413
2020-03-30,21.61,21.61,22.69,20.8,22.69,102593
2020-03-31,22.94,22.94,23.35,21.81,21.81,85661
2020-04-01,22.2,22.2,23.0,21.9,23.0,59818
2020-04-02,22.9,22.9,23.0,22.02,22.24,60524
2020-04-03,22.09,22.09,22.71,21.79,22.71,40715
2020-04-06,23.75,23.75,24.0,23.1,23.3,73350
2020-04-07,25.68,25.68,25.91,23.9,23.9,83903
2020-04-08,24.9,24.9,25.14,24.5,25.1,56528
2020-04-09,25.9,25.9,26.0,25.13,25.13,93108
2020-04-14,25.74,25.74,27.28,25.38,27.28,133449
2020-04-15,23.98,23.98,25.83,23.81,25.83,63208
2020-04-16,23.76,23.76,24.2,23.46,24.11,52713
2020-04-17,25.71,25.71,26.17,24.13,24.13,39383
2020-04-20,24.83,24.83,26.02,24.4,25.93,46921
2020-04-21,23.62,23.62,24.4,23.49,24.4,31756
2020-04-22,23.42,23.42,23.69,22.99,23.69,19458
2020-04-23,24.34,24.34,24.44,23.43,23.43,30161
2020-04-24,23.52,23.52,24.01,23.05,23.9,11159
2020-04-27,24.07,24.07,24.17,23.68,24.06,24362
2020-04-28,24.77,24.77,25.06,24.28,24.28,40224
2020-04-29,25.94,25.94,25.94,24.62,24.89,40977
2020-04-30,25.36,25.36,26.53,25.36,26.43,52174
2020-05-04,24.05,24.05,24.88,23.8,24.88,46839
2020-05-05,23.24,23.24,24.57,22.59,24.57,198632
2020-05-06,22.98,22.98,23.55,22.28,22.96,179081
2020-05-07,23.25,23.25,23.25,22.39,22.97,80289
2020-05-08,23.47,23.47,23.64,23.37,23.37,9653
2020-05-11,24.69,24.69,25.0,23.85,23.85,137107
2020-05-12,24.8,24.8,25.1,24.47,24.56,169098
2020-05-13,23.0,23.0,24.67,22.75,24.5,94468
2020-05-14,23.02,23.02,23.02,22.61,22.76,101598
2020-05-15,22.74,22.74,23.52,22.74,23.5,22929
2020-05-18,24.14,24.14,24.14,23.29,23.36,9653
2020-05-19,23.5,23.5,24.82,23.5,24.23,74562
2020-05-20,23.68,23.68,24.12,23.0,24.01,36097
2020-05-21,23.29,23.29,23.71,23.05,23.71,24808
2020-05-22,23.21,23.21,23.69,22.84,23.28,28519
2020-05-25,23.85,23.85,23.85,23.6,23.77,18143
2020-05-26,25.23,25.23,25.5,24.0,24.0,47168
2020-05-27,26.6,26.6,27.0,25.42,25.42,449566
2020-05-28,27.23,27.23,27.4,26.75,27.1,62909
2020-05-29,24.54,24.54,26.46,24.48,26.46,118106
2020-06-02,25.99,25.99,26.88,25.2,25.21,65962
2020-06-03,27.2,27.2,27.57,26.16,26.44,147487
2020-06-04,27.26,27.26,27.89,26.57,27.89,42739
2020-06-05,30.46,30.46,30.62,27.8,27.8,393331
2020-06-08,31.3,31.3,31.55,30.47,31.0,256414
2020-06-09,29.89,29.89,31.74,29.35,31.74,228640
2020-06-10,28.99,28.99,30.07,28.42,29.88,71229
2020-06-11,26.53,26.53,28.2,25.96,28.2,100312
2020-06-12,28.37,28.37,28.37,25.99,26.54,97651
2020-06-15,28.7,28.7,29.15,26.2,26.98,169551
2020-06-16,29.49,29.49,29.71,28.72,28.86,174357
2020-06-17,29.0,29.0,29.6,28.7,29.6,30628
2020-06-18,29.06,29.06,29.06,28.48,28.85,32945
2020-06-19,28.04,28.04,28.84,28.04,28.82,57492
2020-06-22,27.4,27.4,28.04,27.4,27.84,42230
2020-06-23,27.43,27.43,28.19,27.43,28.14,9219
2020-06-24,26.6,26.6,27.51,26.33,27.07,55078
2020-06-25,26.56,26.56,26.63,25.93,26.63,27361
2020-06-26,25.9,25.9,26.99,25.83,26.78,37400
2020-06-29,26.54,26.54,26.54,25.22,25.28,23237
2020-06-30,26.78,26.78,26.8,26.4,26.76,25726
2020-07-01,26.5,26.5,27.61,26.33,27.07,98189
2020-07-02,26.55,26.55,27.07,26.55,27.04,17401
2020-07-03,26.74,26.74,26.74,26.39,26.55,16293
2020-07-06,27.04,27.04,27.36,26.86,26.86,15808
2020-07-07,26.61,26.61,26.93,26.42,26.93,4171
2020-07-08,25.7,25.7,26.31,25.7,26.31,9025
2020-07-09,25.59,25.59,26.24,25.49,26.24,18062
2020-07-10,25.42,25.42,25.42,24.96,25.18,57190
2020-07-13,25.56,25.56,26.22,25.56,26.22,7163
2020-07-14,25.22,25.22,25.43,24.78,25.43,42195
2020-07-15,25.0,25.0,25.34,24.77,25.23,147617
2020-07-16,25.04,25.04,25.04,24.87,24.99,5165
2020-07-17,24.69,24.69,25.13,24.69,25.13,13185
2020-07-20,24.61,24.61,24.85,24.55,24.78,26904
2020-07-21,24.95,24.95,25.49,24.66,24.66,26077
2020-07-22,24.96,24.96,24.96,24.38,24.85,12723
2020-07-23,24.43,24.43,24.82,24.43,24.82,29421
2020-07-24,24.17,24.17,24.22,23.89,24.05,39677
2020-07-27,23.63,23.63,24.03,23.47,24.03,16914
2020-07-28,23.61,23.61,23.95,23.47,23.95,23206
2020-07-29,23.82,23.82,23.9,23.43,23.43,7431
2020-07-30,23.45,23.45,23.69,23.24,23.69,10543
2020-07-31,23.28,23.28,23.46,23.25,23.46,16064
2020-08-03,23.03,23.03,23.03,22.5,22.8,64119
2020-08-04,22.77,22.77,23.74,21.9,22.74,51985
2020-08-05,23.74,23.74,23.74,22.75,22.75,54372
2020-08-06,24.12,24.12,24.12,23.55,23.55,3806
2020-08-07,22.9,22.9,23.51,22.66,23.51,31296
2020-08-10,23.69,23.69,23.69,23.2,23.26,23104
2020-08-11,24.89,24.89,24.89,23.95,23.95,42625
2020-08-12,24.5,24.5,25.22,24.5,24.5,38540
2020-08-13,24.26,24.26,24.36,24.0,24.36,46099
2020-08-14,23.59,23.59,23.88,22.92,23.88,52787
2020-08-17,23.25,23.25,23.68,23.25,23.46,20979
2020-08-18,23.03,23.03,23.14,23.03,23.07,10744
2020-08-19,22.42,22.42,23.05,22.42,23.05,17708
2020-08-20,22.3,22.3,22.49,22.3,22.42,6590
2020-08-21,22.23,22.23,22.32,22.0,22.32,23209
2020-08-24,22.75,22.75,22.75,22.24,22.24,12938
2020-08-25,23.1,23.1,23.1,22.66,22.66,6930
2020-08-26,22.51,22.51,22.79,22.49,22.49,33267
2020-08-27,22.27,22.27,22.7,22.09,22.7,28789
2020-08-28,22.34,22.34,22.7,22.27,22.5,25665
2020-08-31,22.62,22.62,22.7,22.5,22.7,43082
2020-09-01,21.73,21.73,22.3,21.62,22.3,33445
2020-09-02,22.07,22.07,22.09,21.6,21.9,39611
2020-09-03,22.65,22.65,23.09,22.15,22.15,24583
2020-09-04,22.84,22.84,23.09,22.4,22.4,21869
2020-09-07,23.37,23.37,23.37,23.06,23.06,19209
2020-09-08,23.0,23.0,23.32,23.0,23.32,3013
2020-09-09,22.78,22.78,23.04,22.78,23.04,2511
2020-09-10,22.7,22.7,22.7,22.25,22.58,3901
2020-09-11,23.27,23.27,23.27,22.54,22.54,3956
2020-09-14,23.45,23.45,23.45,23.33,23.33,3518
2020-09-15,24.32,24.32,24.32,23.35,23.35,9639
2020-09-16,24.69,24.69,24.69,24.0,24.01,17711
2020-09-17,24.12,24.12,24.26,24.12,24.26,16884
2020-09-18,24.03,24.03,24.74,24.03,24.74,3721
2020-09-21,21.64,21.64,23.51,21.64,23.44,43271
2020-09-22,21.83,21.83,22.13,21.5,22.13,23607
2020-09-23,21.75,21.75,22.39,21.75,21.88,12077
2020-09-24,21.0,21.0,21.84,21.0,21.51,26967
2020-09-25,21.03,21.03,21.26,20.76,21.26,16914
2020-09-28,21.83,21.83,21.85,21.28,21.28,10985
2020-09-29,21.09,21.09,21.76,21.09,21.76,15838
2020-09-30,21.33,21.33,21.33,21.0,21.2,52607
2020-10-01,21.59,21.59,21.59,21.42,21.42,3409
2020-10-02,21.5,21.5,21.5,21.33,21.33,3019
2020-10-05,21.85,21.85,21.99,21.7,21.7,5093
2020-10-06,22.88,22.88,22.88,21.89,21.89,7065
2020-10-07,22.17,22.17,22.68,22.17,22.58,5279
2020-10-08,23.11,23.11,23.17,22.39,22.45,15457
2020-10-09,23.97,23.97,24.16,23.08,23.1,104254
2020-10-12,23.86,23.86,24.52,23.84,23.89,9323
2020-10-13,23.1,23.1,24.15,23.1,24.15,11164
2020-10-14,22.11,22.11,23.07,22.11,23.07,52527
2020-10-15,21.73,21.73,22.18,21.49,22.18,33360
2020-10-16,21.61,21.61,21.97,21.61,21.93,11444
2020-10-19,21.87,21.87,21.88,21.54,21.54,17604
2020-10-20,22.21,22.21,22.21,21.59,21.59,18488
2020-10-21,22.12,22.12,22.32,21.86,22.32,4417
2020-10-22,22.56,22.56,22.56,21.79,21.8,5840
2020-10-23,23.41,23.41,23.42,22.66,22.66,12970
2020-10-26,22.12,22.12,22.61,22.12,22.55,10509
2020-10-27,21.46,21.46,22.04,21.44,22.02,36280
2020-10-28,20.73,20.73,21.22,20.6,21.22,69281
2020-10-29,20.25,20.25,20.78,19.89,20.67,18824
2020-10-30,19.795,19.795,20.08,19.7,19.9,44436
2020-11-02,19.98,19.98,19.98,19.55,19.97,15533
2020-11-03,20.49,20.49,21.17,20.0,20.26,93737
2020-11-04,20.87,20.87,21.27,20.5,20.5,15038
2020-11-05,21.0,21.0,21.0,20.5,20.93,17298
2020-11-06,20.85,20.85,21.08,20.62,20.93,13267
2020-11-09,24.14,24.14,24.61,21.45,21.45,49683
2020-11-10,24.5,24.5,24.9,23.84,23.84,49935
2020-11-11,24.66,24.66,25.41,24.29,24.29,33719
2020-11-12,24.49,24.49,25.09,24.38,24.5,46276
2020-11-13,24.75,24.75,24.75,24.22,24.3,26971
2020-11-16,25.81,25.81,25.96,24.83,24.98,116076
2020-11-17,26.06,26.06,26.06,25.55,25.63,6492
2020-11-18,25.98,25.98,26.34,25.97,26.0,27910
2020-11-19,25.74,25.74,25.76,25.38,25.76,7958
2020-11-20,25.8,25.8,25.8,25.36,25.56,15517
2020-11-23,26.42,26.42,26.52,25.83,25.83,21720
2020-11-24,27.51,27.51,27.74,26.7,26.7,31614
2020-11-25,27.36,27.36,28.0,27.18,27.66,49658
2020-11-26,26.99,26.99,27.51,26.79,27.51,12896
2020-11-27,26.46,26.46,27.4,26.15,26.88,102302
2020-11-30,25.96,25.96,26.53,25.89,26.53,35068
2020-12-01,26.55,26.55,26.55,25.88,25.88,24571
2020-12-02,26.13,26.13,26.4,25.97,26.4,15115
2020-12-03,27.01,27.01,27.01,25.93,25.94,35346
2020-12-04,27.37,27.37,27.53,27.15,27.15,34879
2020-12-07,27.57,27.57,27.79,27.04,27.04,32140
2020-12-08,27.48,27.48,27.48,27.1,27.27,4749
2020-12-09,27.33,27.33,28.01,26.99,27.47,25091
2020-12-10,26.96,26.96,27.16,26.74,27.16,21061
2020-12-11,26.2,26.2,27.2,26.2,26.67,63615
2020-12-14,26.81,26.81,27.2,26.18,26.18,58029
2020-12-15,27.34,27.34,27.34,26.79,26.79,60412
2020-12-16,28.18,28.18,28.28,27.99,27.99,61788
2020-12-17,28.0,28.0,28.44,28.0,28.21,15642
2020-12-18,27.71,27.71,28.25,27.71,27.99,59802
2020-12-21,26.51,26.51,26.94,25.99,26.94,43849
2020-12-22,26.93,26.93,26.96,26.6,26.6,15786
2020-12-23,27.2,27.2,27.2,26.73,26.88,2539
2020-12-28,27.49,27.49,27.74,27.27,27.27,18012
2020-12-29,27.55,27.55,27.85,27.24,27.24,43865
2020-12-30,27.29,27.29,27.49,27.24,27.24,10974
2021-01-04,26.46,26.46,27.8,26.42,27.24,42528
2021-01-05,26.82,26.82,27.01,26.45,26.45,14449
2021-01-06,27.61,27.61,27.61,26.8,27.0,19666
2021-01-07,27.3,27.3,27.57,27.06,27.57,23153
2021-01-08,27.12,27.12,27.47,27.12,27.45,65753
2021-01-11,26.58,26.58,27.18,26.38,27.18,52786
2021-01-12,26.45,26.45,26.69,26.33,26.59,33350
2021-01-13,25.38,25.38,26.3,25.38,26.3,18577
2021-01-14,26.54,26.54,26.7,25.6,26.03,20374
2021-01-15,26.08,26.08,26.54,26.02,26.54,16204
2021-01-18,27.39,27.39,27.42,26.41,26.41,31249
2021-01-19,27.32,27.32,27.4,26.86,27.36,65137
2021-01-20,27.99,27.99,28.45,27.1,27.1,24183
2021-01-21,27.84,27.84,28.67,27.72,28.44,74124
2021-01-22,27.88,27.88,27.88,27.22,27.63,13386
2021-01-25,27.36,27.36,28.15,27.16,28.15,8256
2021-01-26,28.54,28.54,28.82,27.0,27.0,21679
2021-01-27,31.35,31.35,32.05,28.45,28.45,207702
2021-01-28,30.68,30.68,31.1,29.23,31.08,43271
2021-01-29,29.48,29.48,30.33,29.39,30.33,306953
2021-02-01,28.92,28.92,29.95,28.92,29.74,13292
2021-02-02,29.04,29.04,29.77,28.98,29.73,9523
2021-02-03,28.46,28.46,29.17,28.46,29.17,41080
2021-02-04,28.81,28.81,28.82,28.28,28.33,8623
2021-02-05,28.62,28.62,29.3,28.62,28.75,50510
2021-02-08,28.82,28.82,29.0,28.78,28.87,13014
2021-02-09,28.4,28.4,28.77,28.27,28.77,12757
2021-02-10,28.59,28.59,28.81,28.59,28.62,2928
2021-02-11,28.73,28.73,28.74,28.36,28.36,33271
2021-02-12,28.57,28.57,28.8,28.43,28.8,17159
2021-02-15,29.51,29.51,29.63,28.64,28.74,35027
2021-02-16,30.07,30.07,30.19,29.49,29.49,27402
2021-02-17,29.49,29.49,29.7,29.49,29.7,8132
2021-02-18,29.26,29.26,29.43,29.23,29.34,12039
2021-02-19,28.99,28.99,29.28,28.95,29.06,12637
2021-02-22,28.48,28.48,28.94,28.3,28.94,16231
2021-02-23,30.35,30.35,30.4,29.13,29.13,65970
2021-02-24,31.26,31.26,31.45,29.97,29.97,41277
2021-02-25,31.79,31.79,32.04,31.13,31.14,12356
2021-02-26,31.37,31.37,31.62,31.24,31.62,37099
2021-03-01,32.74,32.74,33.19,31.65,31.96,38528
2021-03-02,32.35,32.35,32.77,32.35,32.76,15852
2021-03-03,32.65,32.65,33.2,32.24,32.24,26465
2021-03-04,32.43,32.43,33.0,31.99,32.6,108287
2021-03-05,32.68,32.68,32.78,32.2,32.2,32671
2021-03-08,33.49,33.49,33.61,32.85,33.35,83785
2021-03-09,34.69,34.69,34.89,33.36,33.36,66196
2021-03-10,34.14,34.14,34.49,33.95,34.49,56046
2021-03-11,32.78,32.78,34.8,32.0,34.53,233975
2021-03-12,32.99,32.99,32.99,32.08,32.08,61479
2021-03-15,34.22,34.22,34.48,33.31,33.37,85674
2021-03-16,36.11,36.11,36.5,34.23,34.23,97424
2021-03-17,35.69,35.69,36.05,35.02,36.05,31267
2021-03-18,36.28,36.28,36.34,35.83,36.34,47554
2021-03-19,34.9,34.9,36.2,34.9,35.77,26065
2021-03-22,35.0,35.0,35.02,35.0,35.02,945
2021-03-23,34.73,34.73,34.73,34.73,34.73,0
2021-03-24,34.65,34.65,34.73,33.62,34.08,5794
2021-03-25,33.65,33.65,34.7,33.38,34.7,15087
2021-03-26,34.43,34.43,34.43,34.35,34.35,6848
2021-03-29,33.81,33.81,33.9,33.5,33.77,11807
2021-03-30,34.33,34.33,34.33,33.62,33.62,8147
2021-03-31,34.01,34.01,34.01,34.01,34.01,0
2021-04-01,33.64,33.64,33.64,33.62,33.62,5113
2021-04-06,34.46,34.46,34.46,34.2,34.35,5428
2021-04-07,33.68,33.68,34.46,33.68,34.46,6051
2021-04-08,33.61,33.61,33.81,33.55,33.81,26420
2021-04-09,34.41,34.41,34.41,33.55,33.55,11913
2021-04-12,35.61,35.61,35.62,34.63,34.63,51455
2021-04-13,35.86,35.86,36.46,35.6,35.6,47233
2021-04-14,35.96,35.96,36.11,35.81,35.86,33295
2021-04-15,36.18,36.18,36.62,35.8,35.8,458888
2021-04-16,36.57,36.57,36.57,36.27,36.27,1387
2021-04-19,37.02,37.02,37.02,36.45,36.45,37999
2021-04-20,35.62,35.62,36.67,35.4,36.67,78453
2021-04-21,37.97,37.97,38.12,35.43,35.43,23810
2021-04-22,37.7,37.7,37.98,37.7,37.98,19459
2021-04-23,37.79,37.79,38.26,37.67,37.67,18674
2021-04-26,38.29,38.29,38.29,37.57,37.78,14725
2021-04-27,37.93,37.93,38.17,37.93,38.14,12345
2021-04-28,38.47,38.47,38.54,38.17,38.17,4644
2021-04-29,38.55,38.55,38.65,38.34,38.34,13192
2021-04-30,38.53,38.53,39.04,38.24,38.24,7129
2021-05-03,38.25,38.25,38.52,38.2,38.52,16014
2021-05-04,37.77,37.77,38.44,37.74,38.34,38291
2021-05-05,40.04,40.04,41.0,38.88,38.88,140622
2021-05-06,42.47,42.47,42.47,39.9,39.9,156906
2021-05-07,42.76,42.76,42.79,42.23,42.7,95127
2021-05-10,42.54,42.54,43.0,42.54,43.0,90706
2021-05-11,41.1,41.1,42.45,41.1,41.91,69016
2021-05-12,42.07,42.07,42.23,40.88,40.88,11726
2021-05-13,40.75,40.75,41.55,40.64,41.55,29968
2021-05-14,41.28,41.28,41.45,41.03,41.45,34717
2021-05-17,41.9,41.9,41.9,41.54,41.54,29461
2021-05-18,42.01,42.01,42.47,41.79,41.79,48400
2021-05-19,41.72,41.72,41.92,41.72,41.89,98471
2021-05-20,43.16,43.16,43.16,42.06,42.06,16610
2021-05-21,45.31,45.31,45.6,42.81,42.81,117930
2021-05-25,45.83,45.83,46.21,44.95,46.21,78482
2021-05-26,44.65,44.65,46.45,44.65,45.73,98973
2021-05-27,45.75,45.75,46.3,44.08,44.08,58832
2021-05-28,46.17,46.17,46.21,45.85,45.9,45905
2021-05-31,46.48,46.48,47.17,46.48,46.74,15911
2021-06-01,46.73,46.73,46.97,46.55,46.55,18338
2021-06-02,46.84,46.84,46.9,46.61,46.85,71146
2021-06-03,46.7,46.7,46.78,46.48,46.66,38042
2021-06-04,46.24,46.24,46.98,46.24,46.69,23339
2021-06-07,46.8,46.8,46.8,46.33,46.74,4017
2021-06-08,48.2,48.2,48.38,47.1,47.12,35901
2021-06-09,48.2,48.2,48.48,48.17,48.48,60184
2021-06-10,47.0,47.0,48.38,47.0,48.38,118257
2021-06-11,46.88,46.88,47.62,46.66,47.44,23251
2021-06-14,46.54,46.54,46.87,46.54,46.87,12870
2021-06-15,46.66,46.66,46.8,46.44,46.68,113677
2021-06-16,45.95,45.95,46.26,45.95,46.26,32020
2021-06-17,46.62,46.62,46.7,46.0,46.26,10208
2021-06-18,45.7,45.7,47.0,45.7,46.3,10785
2021-06-21,45.75,45.75,45.75,44.39,44.39,148962
2021-06-22,46.1,46.1,46.1,45.83,45.83,23040
2021-06-23,46.29,46.29,46.34,45.9,45.9,6484
2021-06-24,46.74,46.74,46.74,46.46,46.46,4896
2021-06-25,46.66,46.66,46.66,46.23,46.25,5344
2021-06-28,46.03,46.03,46.9,46.03,46.9,48555
2021-06-29,45.65,45.65,46.04,45.65,45.99,10737
2021-06-30,45.9,45.9,46.0,45.09,45.58,21257
2021-07-01,46.23,46.23,46.75,45.97,46.0,38207
2021-07-02,47.0,47.0,47.0,46.18,46.18,2632
2021-07-05,46.71,46.71,47.23,46.62,46.62,22238
2021-07-06,47.59,47.59,47.59,46.79,46.94,22229
2021-07-07,47.05,47.05,47.14,46.94,46.94,15818
2021-07-08,46.7,46.7,47.08,46.65,46.82,48371
2021-07-09,49.12,49.12,50.0,47.17,47.17,53463
2021-07-12,49.11,49.11,49.27,48.58,48.58,28309
2021-07-13,51.6,51.6,51.6,49.1,49.39,99247
2021-07-14,50.36,50.36,52.56,50.24,50.24,283109
2021-07-15,50.72,50.72,51.62,50.72,51.62,86098
2021-07-16,49.99,49.99,50.8,49.86,50.54,20827
2021-07-19,48.29,48.29,49.63,47.94,49.63,116234
2021-07-20,49.35,49.35,49.35,48.23,48.23,45619
2021-07-21,50.18,50.18,50.2,49.16,49.16,119296
2021-07-22,50.2,50.2,50.7,50.2,50.4,120191
2021-07-23,50.1,50.1,50.1,49.92,49.92,50100
2021-07-26,51.02,51.02,51.14,50.04,50.04,54449
2021-07-27,50.36,50.36,50.9,50.3,50.72,21987
2021-07-28,50.32,50.32,50.84,50.16,50.16,15806
2021-07-29,50.04,50.04,50.5,50.04,50.14,24327
2021-07-30,50.5,50.5,50.8,50.24,50.24,26005
2021-08-02,51.44,51.44,51.44,50.96,50.96,103865
2021-08-03,52.0,52.0,52.14,51.8,51.8,98205
2021-08-04,52.0,52.0,53.1,51.92,52.02,39018
2021-08-05,51.26,51.26,52.48,50.6,52.48,14543
2021-08-06,50.5,50.5,50.94,50.5,50.94,69610
2021-08-09,50.64,50.64,50.82,50.52,50.82,27841
2021-08-10,50.56,50.56,50.9,50.48,50.48,34049
2021-08-11,52.0,52.0,52.0,51.3,51.5,9842
2021-08-12,51.88,51.88,52.5,51.8,51.8,63838
2021-08-13,52.8,52.8,52.92,51.96,51.96,29708
2021-08-16,51.42,51.42,52.68,51.36,52.68,44212
2021-08-17,51.52,51.52,51.52,50.82,50.82,1081
2021-08-18,50.52,50.52,51.28,50.52,51.28,8396
2021-08-19,48.18,48.18,49.12,48.12,49.12,32647
2021-08-20,47.49,47.49,47.63,47.29,47.54,22466
2021-08-23,47.89,47.89,47.89,47.49,47.5,35618
2021-08-24,47.56,47.56,48.11,47.23,48.11,28386
2021-08-25,48.25,48.25,48.25,47.8,47.8,18813
2021-08-26,47.33,47.33,47.58,47.0,47.58,9765
2021-08-27,47.88,47.88,47.88,47.34,47.34,16824
2021-08-30,47.73,47.73,48.02,47.55,47.55,8011
2021-08-31,47.33,47.33,47.84,47.02,47.84,8169
2021-09-01,48.45,48.45,48.45,47.19,47.19,12029
2021-09-02,48.22,48.22,48.22,48.22,48.22,0
2021-09-03,49.03,49.03,49.03,48.89,48.89,154403
2021-09-06,49.18,49.18,49.35,48.75,48.75,17732
2021-09-07,50.32,50.32,50.92,49.16,49.16,30067
2021-09-08,49.8,49.8,50.36,49.8,50.36,10861
2021-09-09,49.67,49.67,49.77,49.67,49.77,4473
2021-09-10,51.76,51.76,52.12,50.44,50.44,53912
2021-09-13,50.92,50.92,51.86,50.92,51.32,8533
2021-09-14,51.1,51.1,51.24,51.1,51.18,17907
2021-09-15,49.12,49.12,51.16,49.07,50.86,29934
2021-09-16,49.84,49.84,49.84,48.78,48.78,19127
2021-09-17,50.12,50.12,50.3,49.86,49.86,37232
2021-09-20,49.1,49.1,49.41,48.29,49.41,51525
2021-09-21,50.0,50.0,50.0,49.28,49.28,2718
2021-09-22,52.16,52.16,52.16,49.96,49.96,80676
2021-09-23,52.86,52.86,52.88,51.98,51.98,71420
2021-09-24,52.82,52.82,53.06,52.78,52.84,32906
2021-09-27,51.96,51.96,53.38,51.9,53.12,33558
2021-09-28,51.98,51.98,51.98,51.98,51.98,6394
2021-09-29,52.1,52.1,52.1,52.02,52.02,5210
2021-09-30,52.16,52.16,53.02,52.0,52.46,98206
2021-10-01,51.5,51.5,51.98,51.18,51.98,45566
2021-10-04,50.9,50.9,51.94,50.9,51.94,52357
2021-10-05,51.64,51.64,51.64,51.28,51.46,10498
2021-10-06,49.79,49.79,51.12,49.79,51.12,12210
2021-10-07,51.48,51.48,51.48,51.48,51.48,0
2021-10-08,52.54,52.54,52.54,51.94,51.94,525
2021-10-11,52.22,52.22,52.26,52.12,52.26,11483
2021-10-12,51.52,51.52,51.52,51.52,51.52,0
2021-10-13,52.66,52.66,52.66,51.8,51.84,46049
2021-10-14,54.02,54.02,54.02,52.38,52.44,45869
2021-10-15,53.6,53.6,54.42,53.28,54.42,71560
2021-10-18,51.7,51.7,53.06,51.7,53.06,37069
2021-10-19,52.1,52.1,52.76,52.1,52.16,10006
2021-10-20,52.0,52.0,52.04,52.0,52.04,3120
2021-10-21,53.02,53.02,53.02,51.6,51.6,2360
2021-10-22,53.4,53.4,53.4,52.78,52.78,20556
2021-10-25,53.34,53.34,53.34,52.68,52.96,44528
2021-10-26,53.44,53.44,54.02,53.44,53.46,119275
2021-10-27,53.18,53.18,53.52,53.18,53.52,16491
2021-10-28,53.26,53.26,53.26,52.96,52.96,10112
2021-10-29,54.14,54.14,54.14,53.42,53.42,27585
2021-11-01,53.88,53.88,54.3,53.78,54.3,4047
2021-11-02,53.88,53.88,54.46,53.88,53.96,6583
2021-11-03,54.22,54.22,54.5,53.9,53.9,11868
2021-11-04,54.94,54.94,55.06,54.24,54.56,63679
2021-11-05,55.24,55.24,55.24,54.74,54.74,31810
2021-11-08,55.86,55.86,56.14,53.92,53.92,3184
2021-11-09,57.7,57.7,57.94,55.74,55.74,75159
2021-11-10,57.06,57.06,57.5,57.06,57.5,7291
2021-11-11,58.6,58.6,58.76,57.7,57.7,39861
2021-11-12,58.38,58.38,58.78,58.38,58.78,27650
2021-11-15,58.12,58.12,58.16,58.1,58.16,24293
2021-11-16,58.8,58.8,58.8,58.58,58.58,2999
2021-11-17,59.72,59.72,59.72,59.02,59.02,4479
2021-11-18,57.3,57.3,58.2,57.2,58.2,28415
2021-11-19,56.1,56.1,57.88,54.3,57.88,107734
2021-11-22,58.14,58.14,58.42,57.02,57.02,33609
2021-11-23,57.8,57.8,57.94,57.0,57.94,5421
2021-11-24,56.76,56.76,57.76,56.76,57.76,7110
2021-11-25,56.12,56.12,56.34,56.02,56.34,4488
2021-11-26,51.72,51.72,53.9,51.58,53.84,48202
2021-11-29,52.98,52.98,53.1,51.96,51.96,430101
2021-11-30,51.6,51.6,52.36,51.5,52.36,49177
2021-12-01,52.68,52.68,52.68,51.5,52.4,4390
2021-12-02,50.5,50.5,52.02,50.5,52.02,5098
2021-12-03,51.28,51.28,51.66,51.28,51.34,2211
2021-12-06,52.54,52.54,52.54,51.16,51.9,7364
2021-12-07,53.02,53.02,53.2,52.6,52.6,39602
2021-12-08,52.4,52.4,53.18,51.96,53.18,19260
2021-12-09,52.32,52.32,52.48,52.32,52.48,3139
2021-12-10,51.94,51.94,51.94,51.94,51.94,0
2021-12-13,54.02,54.02,54.52,52.78,52.78,48425
2021-12-14,54.26,54.26,54.26,53.38,53.38,1519
2021-12-15,54.0,54.0,54.46,53.74,53.74,2165
2021-12-16,52.76,52.76,54.4,52.76,54.4,9497
2021-12-17,52.46,52.46,52.46,52.46,52.46,0
2021-12-20,50.66,50.66,50.78,49.54,50.0,48616
2021-12-21,51.18,51.18,51.26,51.18,51.26,7677
2021-12-22,52.36,52.36,52.36,51.2,51.2,7814
2021-12-23,52.24,52.24,52.24,52.24,52.24,0
2021-12-27,53.72,53.72,53.72,52.42,52.42,3216
2021-12-28,53.06,53.06,53.56,53.06,53.56,23668
2021-12-29,52.96,52.96,52.96,52.96,52.96,0
2021-12-30,53.76,53.76,53.76,53.18,53.18,3763
2022-01-03,53.32,53.32,53.62,53.32,53.62,13833
2022-01-04,53.46,53.46,53.46,52.76,52.76,10847
2022-01-05,53.52,53.52,53.52,52.92,52.92,120526
2022-01-06,52.42,52.42,52.42,52.42,52.42,0
2022-01-07,51.76,51.76,52.68,51.74,52.68,17112
2022-01-10,50.06,50.06,51.44,49.3,51.44,39595
2022-01-11,51.78,51.78,51.78,50.12,50.12,27804
2022-01-12,51.04,51.04,52.0,50.46,52.0,16518
2022-01-13,50.88,50.88,50.88,50.88,50.88,0
2022-01-14,53.0,53.0,53.0,52.24,52.24,4346
2022-01-17,52.54,52.54,53.0,51.9,51.9,31784
2022-01-18,53.5,53.5,54.28,51.44,54.24,29852
2022-01-19,53.06,53.06,53.72,53.0,53.0,54965
2022-01-20,53.4,53.4,53.4,52.78,53.28,39693
2022-01-21,52.22,52.22,52.6,51.8,52.6,18186
2022-01-24,52.1,52.1,52.4,51.96,51.96,109305
2022-01-25,51.44,51.44,52.82,51.44,52.82,22399
2022-01-26,53.08,53.08,53.6,51.78,51.78,20812
2022-01-27,52.12,52.12,52.12,52.12,52.12,0
2022-01-28,54.62,54.62,54.62,53.32,53.32,12483
2022-01-31,56.58,56.58,56.58,54.64,54.64,31459
2022-02-01,57.82,57.82,58.46,56.56,56.56,35687
2022-02-02,58.28,58.28,58.54,57.82,58.02,81717
2022-02-03,57.0,57.0,57.98,57.0,57.98,23960
2022-02-04,55.9,55.9,56.64,55.9,56.64,8060
2022-02-07,56.02,56.02,56.58,56.02,56.58,1401
2022-02-08,56.28,56.28,56.3,55.98,56.3,15222
2022-02-09,58.04,58.04,58.04,56.6,56.6,8167
2022-02-10,57.62,57.62,58.28,57.62,58.2,27192
2022-02-11,55.48,55.48,57.42,55.48,57.02,2596
2022-02-14,55.16,55.16,55.36,54.7,54.7,44100
2022-02-15,57.72,57.72,57.88,55.82,55.82,20414
2022-02-16,57.78,57.78,57.78,57.76,57.76,0
2022-02-17,56.56,56.56,57.72,56.56,56.62,94012
2022-02-18,57.12,57.12,57.12,56.76,56.76,10920
2022-02-21,53.16,53.16,57.92,53.16,57.44,75343
2022-02-22,55.8,55.8,56.58,53.56,53.56,70158
2022-02-23,55.82,55.82,55.82,55.82,55.82,0
2022-02-24,52.88,52.88,55.02,52.06,52.86,27440
2022-02-25,55.16,55.16,55.16,53.94,53.94,31129
2022-02-28,53.52,53.52,53.52,53.06,53.06,10658
2022-03-01,50.74,50.74,54.28,50.74,54.28,36750
2022-03-02,50.04,50.04,51.36,50.0,50.96,36662
2022-03-03,48.2,48.2,50.3,48.2,49.96,24531
2022-03-04,45.49,45.49,47.5,45.49,47.21,45941
2022-03-07,43.62,43.62,44.42,43.14,44.42,52011
2022-03-08,44.57,44.57,45.0,42.86,42.86,15886
2022-03-09,47.82,47.82,47.82,45.01,45.01,35645
2022-03-10,44.05,44.05,46.61,42.5,46.28,63925
2022-03-11,45.08,45.08,46.03,44.2,44.2,69041
2022-03-14,47.03,47.03,47.03,44.99,45.8,38194
2022-03-15,46.95,46.95,46.95,46.0,46.74,29685
2022-03-16,48.64,48.64,48.64,47.53,47.53,16355
2022-03-17,48.8,48.8,48.9,48.4,48.4,19975
2022-03-18,48.47,48.47,48.67,48.07,48.67,22665
2022-03-21,48.76,48.76,49.0,48.42,48.69,50808
2022-03-22,48.92,48.92,48.92,48.03,48.03,7709
2022-03-23,48.99,48.99,49.97,48.99,49.22,12534
2022-03-24,49.97,49.97,49.97,48.94,48.94,2499
2022-03-25,50.22,50.22,50.22,49.84,49.84,6780
2022-03-28,53.44,53.44,53.44,52.02,52.02,40813
2022-03-29,52.94,52.94,52.94,52.94,52.94,0
2022-03-30,54.36,54.36,54.78,54.36,54.78,40110
2022-03-31,52.7,52.7,54.44,52.7,54.44,6377
2022-04-01,52.4,52.4,52.54,52.4,52.54,6550
2022-04-04,52.56,52.56,52.56,52.56,52.56,2102
2022-04-05,53.12,53.12,53.12,53.12,53.12,0
2022-04-06,52.24,52.24,52.7,52.0,52.7,11222
2022-04-07,52.36,52.36,52.36,52.22,52.26,9055
2022-04-08,52.84,52.84,52.84,52.48,52.48,2894
2022-04-11,53.32,53.32,53.32,51.7,51.7,9910
2022-04-12,52.28,52.28,52.28,52.28,52.28,0
2022-04-13,52.2,52.2,53.66,52.2,53.66,1152
2022-04-14,53.56,53.56,53.56,53.56,53.56,0
2022-04-19,53.1,53.1,53.1,53.1,53.1,0
2022-04-20,53.48,53.48,53.84,53.22,53.22,5204
2022-04-21,54.2,54.2,54.84,53.64,53.64,42049
2022-04-22,53.74,53.74,53.74,53.74,53.74,0
2022-04-25,52.56,52.56,53.06,52.56,53.06,26430
2022-04-26,51.72,51.72,53.34,51.72,53.34,15744
2022-04-27,51.1,51.1,51.34,51.1,51.34,7512
2022-04-28,52.9,52.9,53.08,51.94,51.94,9324
2022-04-29,53.04,53.04,53.04,53.04,53.04,0
2022-05-02,53.76,53.76,53.76,52.68,52.7,24218
2022-05-03,54.0,54.0,54.0,54.0,54.0,0
2022-05-04,52.66,52.66,53.9,52.02,53.56,14455
2022-05-05,54.0,54.0,54.0,53.42,53.46,1770
2022-05-06,51.0,51.0,51.66,51.0,51.3,39833
2022-05-09,49.65,49.65,49.65,49.65,49.65,0
2022-05-10,49.79,49.79,49.79,49.79,49.79,0
2022-05-11,50.62,50.62,50.62,49.37,49.37,5062
2022-05-12,51.06,51.06,51.06,48.72,48.72,16750
2022-05-13,51.2,51.2,51.2,51.2,51.2,0
2022-05-16,51.54,51.54,51.76,51.22,51.22,28185
2022-05-17,52.64,52.64,52.64,51.78,51.78,316
2022-05-18,50.98,50.98,51.84,50.98,51.84,102
2022-05-19,49.38,49.38,50.14,49.38,50.14,6419
2022-05-20,48.54,48.54,49.53,48.51,49.53,3154
2022-05-23,49.23,49.23,49.23,49.06,49.06,20283
2022-05-24,47.0,47.0,48.59,47.0,48.59,4748
2022-05-25,47.15,47.15,47.15,46.36,46.89,5419
2022-05-26,47.09,47.09,47.09,47.09,47.09,0
2022-05-27,47.94,47.94,48.03,47.94,48.03,21600
2022-05-30,49.49,49.49,50.14,49.01,49.01,27034
2022-05-31,50.0,50.0,50.0,49.31,49.31,1000
2022-06-01,50.06,50.06,50.06,50.06,50.06,2503
2022-06-02,50.8,50.8,50.8,50.08,50.08,7366
2022-06-03,51.36,51.36,51.36,51.14,51.14,128400
2022-06-06,51.0,51.0,51.0,50.9,50.9,510
2022-06-07,50.32,50.32,50.32,50.32,50.32,0
2022-06-08,51.72,51.72,51.72,50.86,50.86,12917
2022-06-09,50.74,50.74,50.74,50.74,50.74,0
2022-06-10,50.74,50.74,50.74,50.74,50.74,0
2022-06-13,49.63,49.63,49.77,49.63,49.7,22615
2022-06-14,48.69,48.69,49.94,48.69,49.94,60376
2022-06-15,49.33,49.33,49.33,49.33,49.33,0
2022-06-16,48.0,48.0,49.71,48.0,49.71,3360
2022-06-17,48.22,48.22,48.22,48.0,48.06,4518
2022-06-20,47.4,47.4,47.4,47.4,47.4,0
2022-06-21,48.43,48.43,48.43,48.43,48.43,0
2022-06-22,48.08,48.08,49.37,48.08,48.08,41505
2022-06-23,47.91,47.91,48.02,47.65,48.01,19145
2022-06-24,48.7,48.7,48.82,48.66,48.82,15340
2022-06-27,49.83,49.83,49.83,49.34,49.34,12392
2022-06-28,50.48,50.48,51.02,50.48,50.78,2746
2022-06-29,50.36,50.36,50.36,50.36,50.36,0
2022-06-30,50.4,50.4,50.4,49.86,49.86,6048
2022-07-01,50.24,50.24,50.24,49.51,49.51,5024
2022-07-04,50.98,50.98,50.98,50.28,50.28,2804
2022-07-05,49.61,49.61,50.88,49.12,50.88,24617
2022-07-06,50.6,50.6,50.6,49.79,49.93,53350
2022-07-07,52.84,52.84,52.84,50.66,50.66,20753
2022-07-08,52.3,52.3,52.3,52.3,52.3,0
2022-07-11,52.32,52.32,52.32,52.32,52.32,0
2022-07-12,53.06,53.06,53.3,52.94,52.94,5325
2022-07-13,55.16,55.16,55.16,52.78,52.78,10811
2022-07-14,55.96,55.96,56.12,54.98,54.98,27978
2022-07-15,55.06,55.06,56.02,55.06,56.02,55
2022-07-18,55.26,55.26,56.0,55.16,55.16,7221
2022-07-19,56.56,56.56,56.56,54.84,54.84,2545
2022-07-20,56.38,56.38,56.66,56.38,56.66,11422
2022-07-21,57.0,57.0,57.0,56.44,56.44,145161
2022-07-22,56.68,56.68,56.68,56.68,56.68,0
2022-07-25,57.5,57.5,57.74,57.5,57.74,7499
2022-07-26,57.5,57.5,57.5,57.44,57.44,1150
2022-07-27,56.72,56.72,57.24,56.72,57.24,11344
2022-07-28,57.06,57.06,57.18,56.54,56.94,54772
2022-07-29,57.44,57.44,57.6,57.26,57.26,20480
2022-08-01,57.34,57.34,57.88,57.2,57.2,34448
2022-08-02,57.08,57.08,57.08,57.08,57.08,0
2022-08-03,58.06,58.06,59.0,57.02,57.02,22866
2022-08-04,58.24,58.24,58.44,58.02,58.08,34763
2022-08-05,58.2,58.2,58.68,58.2,58.38,23424
2022-08-08,58.32,58.32,58.32,58.32,58.32,39658
2022-08-09,58.36,58.36,58.36,58.28,58.28,11672
2022-08-10,58.14,58.14,58.14,57.44,57.44,2907
2022-08-11,58.0,58.0,58.46,58.0,58.46,29005
2022-08-12,58.08,58.08,58.08,57.7,57.7,2904
2022-08-15,58.0,58.0,58.28,58.0,58.28,1160
2022-08-16,57.56,57.56,58.06,57.56,58.06,12673
2022-08-17,58.04,58.04,58.04,57.72,57.72,2902
2022-08-18,57.76,57.76,57.76,57.76,57.76,0
2022-08-19,57.08,57.08,57.08,57.08,57.08,0
2022-08-22,56.08,56.08,56.46,56.02,56.46,22975
2022-08-23,56.44,56.44,56.44,55.94,55.94,5644
2022-08-24,55.12,55.12,55.18,54.92,55.18,33474
2022-08-25,55.9,55.9,55.98,55.9,55.98,7267
2022-08-26,55.44,55.44,56.3,55.44,56.3,13306
2022-08-29,53.98,53.98,54.0,53.24,53.24,13758
2022-08-30,54.52,54.52,54.52,54.52,54.52,0
2022-08-31,55.28,55.28,55.28,54.66,54.66,1382
2022-09-01,53.2,53.2,53.76,52.98,53.76,12719
2022-09-02,52.52,52.52,54.16,52.52,54.16,7878
2022-09-05,53.16,53.16,53.16,52.5,52.5,16991
2022-09-06,53.54,53.54,53.54,53.54,53.54,0
2022-09-07,52.8,52.8,52.8,52.8,52.8,0
2022-09-08,53.92,53.92,53.92,53.92,53.92,0
2022-09-09,54.12,54.12,54.28,53.52,53.52,12737
2022-09-12,53.94,53.94,53.94,53.94,53.94,0
2022-09-13,55.1,55.1,55.1,54.26,54.26,20079
2022-09-14,54.08,54.08,54.08,54.08,54.08,0
2022-09-15,55.48,55.48,55.48,55.48,55.48,0
2022-09-16,53.12,53.12,53.8,53.12,53.8,7968
2022-09-19,52.68,52.68,52.68,52.68,52.68,1580
2022-09-20,53.58,53.58,54.1,53.58,54.1,10209
2022-09-21,53.54,53.54,53.54,53.28,53.28,803
2022-09-22,52.58,52.58,52.58,52.58,52.58,0
2022-09-23,51.42,51.42,53.42,51.42,53.42,53799
2022-09-26,50.86,50.86,51.38,50.46,50.46,35237
2022-09-27,49.02,49.02,49.02,49.02,49.02,2010
2022-09-28,47.4,47.4,48.23,47.39,48.16,8817
2022-09-29,47.1,47.1,47.1,46.03,46.7,525301
2022-09-30,48.0,48.0,48.0,47.04,47.04,3504
2022-10-03,47.6,47.6,47.6,47.32,47.32,3427
2022-10-04,48.46,48.46,48.46,48.46,48.46,97
2022-10-05,48.96,48.96,48.96,48.96,48.96,0
2022-10-06,48.99,48.99,48.99,48.99,48.99,0
2022-10-07,48.55,48.55,48.72,48.55,48.72,2670
2022-10-10,47.49,47.49,47.78,47.49,47.78,12110
2022-10-11,46.79,46.79,47.33,46.79,47.33,11723
2022-10-12,46.56,46.56,46.56,46.29,46.29,4190
2022-10-13,46.48,46.48,46.48,45.64,46.38,11994
2022-10-14,47.02,47.02,47.02,47.02,47.02,0
2022-10-17,46.91,46.91,46.91,46.91,46.91,3518
2022-10-18,47.53,47.53,47.53,47.53,47.53,0
2022-10-19,47.27,47.27,47.27,47.27,47.27,0
2022-10-20,46.49,46.49,46.49,46.49,46.49,0
2022-10-21,46.79,46.79,46.79,46.38,46.49,19240
2022-10-24,47.42,47.42,47.79,47.18,47.65,70942
2022-10-25,47.24,47.24,47.24,47.24,47.24,0
2022-10-26,47.98,47.98,47.98,47.86,47.86,16786
2022-10-27,47.37,47.37,48.05,47.37,48.05,18051
2022-10-28,46.38,46.38,47.2,46.38,47.2,30147
2022-10-31,47.0,47.0,47.0,47.0,47.0,23500
2022-11-01,46.9,46.9,46.9,46.8,46.8,2345
2022-11-02,46.66,46.66,46.66,46.66,46.66,0
2022-11-03,45.12,45.12,47.2,45.08,47.1,41568
2022-11-04,46.9,46.9,46.9,45.47,45.47,10248
2022-11-07,46.46,46.46,47.0,46.46,47.0,17307
2022-11-08,47.69,47.69,47.69,46.48,46.48,477
2022-11-09,46.95,46.95,47.19,46.95,47.19,9390
2022-11-10,47.0,47.0,47.0,47.0,47.0,0
2022-11-11,49.5,49.5,49.5,48.26,48.26,6881
2022-11-14,49.46,49.46,49.46,49.0,49.0,26063
2022-11-15,50.2,50.2,50.2,49.29,49.29,753
2022-11-16,50.86,50.86,50.86,50.56,50.56,610
2022-11-17,50.98,50.98,50.98,50.98,50.98,0
2022-11-18,51.54,51.54,51.54,51.54,51.54,0
2022-11-21,51.62,51.62,51.62,51.62,51.62,7743
2022-11-22,52.06,52.06,52.06,52.06,52.06,0
2022-11-23,52.04,52.04,52.04,52.04,52.04,0
2022-11-24,52.0,52.0,52.0,52.0,52.0,0
2022-11-25,52.64,52.64,52.64,52.0,52.22,14825
2022-11-28,52.6,52.6,52.78,52.02,52.02,11180
2022-11-29,52.98,52.98,52.98,52.68,52.68,26490
2022-11-30,52.8,52.8,52.8,52.8,52.8,0
2022-12-01,53.88,53.88,53.88,53.52,53.52,808
2022-12-02,53.34,53.34,53.7,53.34,53.46,50302
2022-12-05,53.16,53.16,53.16,53.12,53.12,1967
2022-12-06,52.76,52.76,52.76,52.76,52.76,0
2022-12-07,52.46,52.46,52.56,52.4,52.42,36095
2022-12-08,52.66,52.66,52.66,52.66,52.66,0
2022-12-09,52.9,52.9,52.94,52.7,52.7,7925
2022-12-12,52.56,52.56,52.56,52.56,52.56,0
2022-12-13,52.52,52.52,52.52,52.52,52.52,0
2022-12-14,52.48,52.48,52.48,52.48,52.48,0
2022-12-15,52.54,52.54,52.54,52.54,52.54,0
2022-12-16,51.9,51.9,52.34,51.9,52.34,70065
2022-12-19,51.02,51.02,52.38,51.02,52.38,77890
2022-12-20,53.5,53.5,53.72,50.78,50.78,33493
2022-12-21,53.96,53.96,53.96,52.66,52.66,10792
2022-12-22,53.32,53.32,53.86,53.32,53.86,3199
2022-12-23,53.64,53.64,53.8,53.64,53.8,9655
2022-12-27,53.54,53.54,53.54,53.54,53.54,0
2022-12-28,53.98,53.98,54.12,53.98,53.98,17819
2022-12-29,54.1,54.1,54.12,53.7,53.7,16233
2022-12-30,54.16,54.16,54.26,54.06,54.06,5423
2023-01-02,54.32,54.32,54.6,54.28,54.28,7120
2023-01-03,55.2,55.2,55.2,54.12,54.12,19505
2023-01-04,55.5,55.5,55.5,55.5,55.5,0
2023-01-05,57.4,57.4,57.4,56.56,56.56,1435
2023-01-06,59.2,59.2,59.2,58.08,58.08,83609
2023-01-09,59.4,59.4,59.4,58.9,59.2,368905
2023-01-10,59.9,59.9,60.1,58.78,58.78,47569
2023-01-11,61.1,61.1,61.4,60.22,60.22,91483
2023-01-12,60.7,60.7,61.3,60.7,61.12,15616
2023-01-13,59.08,59.08,60.06,59.02,59.8,206348
2023-01-16,60.2,60.2,60.2,59.7,59.7,5117
2023-01-17,59.82,59.82,61.36,58.92,61.2,149511
2023-01-18,59.6,59.6,59.6,58.54,59.46,36391
2023-01-19,57.76,57.76,58.16,57.76,58.16,289
2023-01-20,58.94,58.94,58.94,57.96,57.96,3536
2023-01-23,59.02,59.02,59.02,59.02,59.02,0
2023-01-24,59.38,59.38,59.38,59.38,59.38,5938
2023-01-25,59.82,59.82,59.82,59.82,59.82,0
2023-01-26,60.4,60.4,60.4,60.4,60.4,0
2023-01-27,61.5,61.5,61.5,60.16,60.22,32896
2023-01-30,61.94,61.94,62.16,61.16,61.16,38224
2023-01-31,61.98,61.98,61.98,61.74,61.74,4649
2023-02-01,63.0,63.0,63.0,62.16,62.16,9576
2023-02-02,63.12,63.12,63.36,62.4,62.4,67795
2023-02-03,63.8,63.8,63.8,62.96,63.08,17815
2023-02-06,61.82,61.82,63.42,61.82,63.42,14603
2023-02-07,61.82,61.82,61.82,61.7,61.7,4637
2023-02-08,62.24,62.24,62.24,62.24,62.24,0
2023-02-09,62.2,62.2,62.2,62.2,62.2,0
2023-02-10,60.74,60.74,61.3,60.74,61.3,1215
2023-02-13,61.96,61.96,61.96,60.62,60.62,4833
2023-02-14,61.86,61.86,61.86,61.82,61.82,7609
2023-02-15,61.22,61.22,61.22,61.22,61.22,0
2023-02-16,63.0,63.0,63.0,62.5,62.5,9135
2023-02-17,62.84,62.84,62.84,62.6,62.6,628
2023-02-20,63.18,63.18,63.18,63.18,63.18,0
2023-02-21,63.28,63.28,63.36,63.28,63.36,9492
2023-02-22,63.86,63.86,64.0,63.22,63.22,29625
2023-02-23,64.44,64.44,64.44,64.04,64.04,6444
2023-02-24,64.5,64.5,65.0,64.34,64.34,8425
2023-02-27,65.12,65.12,65.12,64.28,64.28,19658
2023-02-28,64.86,64.86,64.86,64.86,64.86,0
2023-03-01,65.1,65.1,65.1,64.78,64.78,1953
2023-03-02,65.84,65.84,65.84,64.9,64.9,19688
2023-03-03,66.14,66.14,66.46,65.98,65.98,16443
2023-03-06,64.76,64.76,66.0,64.74,65.82,27784
2023-03-07,65.12,65.12,65.18,64.52,64.52,58123
2023-03-08,64.7,64.7,64.7,64.7,64.7,0
2023-03-09,62.54,62.54,63.44,62.0,63.44,12171
2023-03-10,61.46,61.46,61.78,61.06,61.12,421610
2023-03-13,58.04,58.04,60.58,58.04,60.58,40667
2023-03-14,59.1,59.1,59.1,58.24,58.24,41285
2023-03-15,56.52,56.52,59.08,56.52,59.08,21978
2023-03-16,56.72,56.72,57.36,55.96,57.22,18727
2023-03-17,56.66,56.66,56.7,56.54,56.54,226754
2023-03-20,57.74,57.74,57.74,55.0,55.88,21004
2023-03-21,59.34,59.34,59.34,57.84,57.84,495725
2023-03-22,58.96,58.96,59.54,58.96,59.54,7731
2023-03-23,59.14,59.14,59.14,59.14,59.14,0
2023-03-24,59.18,59.18,59.18,59.18,59.18,0
2023-03-27,59.58,59.58,59.58,59.58,59.58,2681
2023-03-28,60.86,60.86,60.86,60.86,60.86,0
2023-03-29,63.2,63.2,63.22,62.5,62.5,18949
2023-03-30,64.5,64.5,64.52,63.62,63.62,64502
2023-03-31,65.46,65.46,65.46,64.52,64.52,7111
2023-04-03,65.9,65.9,65.9,65.8,65.82,13170
2023-04-04,66.52,66.52,66.62,65.7,65.7,22237
2023-04-05,66.78,66.78,66.78,66.28,66.28,134
2023-04-06,65.06,65.06,65.7,65.0,65.7,2276
2023-04-11,65.96,65.96,66.58,65.48,65.48,6260
2023-04-12,66.94,66.94,67.16,65.94,65.94,401709
2023-04-13,67.38,67.38,67.38,67.14,67.14,8086
2023-04-14,67.62,67.62,67.64,67.62,67.64,30429
2023-04-17,67.78,67.78,68.04,67.78,68.04,7808
2023-04-18,68.18,68.18,68.22,67.18,67.18,30331
2023-04-19,67.98,67.98,67.98,67.8,67.8,2991
2023-04-20,67.16,67.16,67.5,67.16,67.5,10687
2023-04-21,67.86,67.86,67.86,67.86,67.86,0
2023-04-24,68.2,68.2,68.44,67.72,67.72,14058
2023-04-25,67.92,67.92,67.92,67.92,67.92,0
2023-04-26,66.94,66.94,66.94,66.94,66.94,0
2023-04-27,67.64,67.64,67.64,67.64,67.64,0
2023-04-28,68.1,68.1,68.1,68.1,68.1,409
2023-05-02,68.2,68.2,68.2,68.2,68.2,0
2023-05-03,67.34,67.34,67.34,67.34,67.34,0
2023-05-04,68.5,68.5,68.7,68.1,68.1,21916
2023-05-05,68.82,68.82,68.82,68.82,68.82,0
2023-05-08,69.22,69.22,69.22,68.4,68.88,43530
2023-05-09,68.92,68.92,68.92,68.92,68.92,0
2023-05-10,66.48,66.48,67.44,66.2,67.44,21936
2023-05-11,66.9,66.9,66.9,66.74,66.9,334420
2023-05-12,65.2,65.2,66.7,65.2,66.7,9726
2023-05-15,65.44,65.44,65.44,65.44,65.44,0
2023-05-16,66.26,66.26,66.38,66.0,66.0,106196
2023-05-17,65.94,65.94,66.3,65.94,66.3,8271
2023-05-18,66.74,66.74,66.74,66.74,66.74,0
2023-05-19,67.88,67.88,67.88,67.4,67.4,13576
2023-05-22,66.4,66.4,66.4,66.4,66.4,1328
2023-05-23,66.7,66.7,67.12,66.7,67.12,4669
2023-05-24,65.0,65.0,65.28,65.0,65.28,25090
2023-05-25,65.04,65.04,65.04,65.04,65.04,0
2023-05-26,65.12,65.12,65.24,65.12,65.24,3256
2023-05-29,65.84,65.84,65.84,65.84,65.84,0
2023-05-30,65.76,65.76,65.76,65.64,65.64,263
2023-05-31,65.3,65.3,65.3,65.3,65.3,0
2023-06-01,64.36,64.36,64.36,64.2,64.2,16541
2023-06-02,66.16,66.16,66.16,64.76,64.76,5865
2023-06-05,66.34,66.34,66.34,66.34,66.34,0
2023-06-06,65.38,65.38,65.38,65.38,65.38,1308
2023-06-07,68.1,68.1,68.1,66.36,66.36,63450
2023-06-08,67.78,67.78,67.78,67.78,67.78,0
2023-06-09,68.06,68.06,68.06,68.06,68.06,0
2023-06-12,70.0,70.0,70.1,68.8,68.8,38453
2023-06-13,70.06,70.06,70.56,69.64,70.56,25129
2023-06-14,70.02,70.02,70.1,70.02,70.04,8053
2023-06-15,69.36,69.36,71.46,68.14,71.22,73498
2023-06-16,70.12,70.12,70.78,69.4,69.4,20905
2023-06-19,69.62,69.62,70.24,69.62,69.96,80527
2023-06-20,70.24,70.24,70.24,69.74,69.74,3512
2023-06-21,69.68,69.68,69.68,69.68,69.68,0
2023-06-22,69.06,69.06,69.06,69.06,69.06,0
2023-06-23,68.82,68.82,68.82,68.82,68.82,0
2023-06-26,68.56,68.56,68.56,68.56,68.56,2742
2023-06-27,69.36,69.36,69.78,69.04,69.78,1803
2023-06-28,70.0,70.0,70.0,69.2,69.2,26600
2023-06-29,69.62,69.62,69.62,69.62,69.62,348
2023-06-30,71.6,71.6,71.6,69.94,69.94,12570
2023-07-03,70.94,70.94,71.44,70.94,71.44,8134
2023-07-04,70.98,70.98,71.16,70.98,71.16,1065
2023-07-05,70.08,70.08,70.56,70.08,70.56,3504
2023-07-06,68.5,68.5,69.52,68.5,69.52,53467
2023-07-07,70.06,70.06,70.06,67.66,67.66,280
2023-07-10,70.8,70.8,70.8,69.62,69.62,12709
2023-07-11,72.36,72.36,72.36,71.06,71.06,4310
2023-07-12,74.66,74.66,74.7,72.52,72.52,142864
2023-07-13,75.38,75.38,75.38,74.94,74.94,151
2023-07-14,74.7,74.7,75.0,74.7,75.0,29958
2023-07-17,72.92,72.92,73.72,72.92,73.72,9886
2023-07-18,73.42,73.42,73.42,72.94,72.94,954
2023-07-19,73.82,73.82,73.82,73.82,73.82,0
2023-07-20,74.12,74.12,74.12,73.62,73.62,296
2023-07-21,73.52,73.52,73.52,73.52,73.52,17645
2023-07-24,72.98,72.98,73.32,72.66,73.32,12456
2023-07-25,73.24,73.24,73.24,73.24,73.24,2197
2023-07-26,72.48,72.48,72.94,72.18,72.94,36545
2023-07-27,72.6,72.6,72.6,72.6,72.6,0
2023-07-28,73.26,73.26,73.58,73.26,73.58,366
2023-07-31,73.52,73.52,73.52,73.0,73.0,6984
2023-08-01,73.4,73.4,73.4,73.4,73.4,0
2023-08-02,71.62,71.62,73.78,71.0,73.78,112908
2023-08-03,70.82,70.82,71.36,70.82,71.36,8057
2023-08-04,71.2,71.2,71.2,71.2,71.2,0
2023-08-07,70.66,70.66,70.66,70.66,70.66,4593
2023-08-08,69.54,69.54,70.36,69.4,70.36,15007
2023-08-09,69.96,69.96,69.96,69.96,69.96,0
2023-08-10,70.78,70.78,70.78,70.68,70.68,1486
2023-08-11,70.8,70.8,70.8,70.8,70.8,0
2023-08-14,70.12,70.12,70.12,70.12,70.12,0
2023-08-15,69.7,69.7,70.42,69.4,70.42,176392
2023-08-16,70.72,70.72,70.9,69.7,69.7,18186
2023-08-17,70.98,70.98,71.0,70.24,70.24,4899
2023-08-18,69.54,69.54,70.08,69.28,70.08,20257
2023-08-21,70.56,70.56,70.56,69.74,69.74,12966
2023-08-22,70.2,70.2,70.94,69.9,69.9,19487
2023-08-23,68.84,68.84,70.08,68.84,70.08,76886
2023-08-24,69.54,69.54,69.54,69.54,69.54,0
2023-08-25,68.28,68.28,68.28,68.28,68.28,0
2023-08-28,68.58,68.58,68.58,68.24,68.24,9247
2023-08-29,68.5,68.5,69.08,68.5,68.86,13516
2023-08-30,69.96,69.96,69.96,68.46,68.46,17346
2023-08-31,69.56,69.56,69.86,69.56,69.86,3478
2023-09-01,69.4,69.4,69.54,69.4,69.54,8191
2023-09-04,70.26,70.26,70.26,69.76,69.76,3862
2023-09-05,70.22,70.22,70.22,69.34,69.34,3511
2023-09-06,69.4,69.4,69.6,69.4,69.6,20820
2023-09-07,67.64,67.64,67.64,67.64,67.64,10146
2023-09-08,67.0,67.0,67.38,67.0,67.38,3015
2023-09-11,68.6,68.6,68.6,68.02,68.02,1372
2023-09-12,68.16,68.16,68.16,68.16,68.16,0
2023-09-13,67.08,67.08,67.08,67.08,67.08,0
2023-09-14,69.24,69.24,69.38,68.66,69.12,42627
2023-09-15,69.22,69.22,69.22,69.22,69.22,0
2023-09-18,66.64,66.64,68.62,66.64,68.62,17354
2023-09-19,65.16,65.16,66.52,64.1,66.52,20578
2023-09-20,66.18,66.18,66.78,66.18,66.68,20570
2023-09-21,64.08,64.08,65.88,64.08,65.88,40142
2023-09-22,63.46,63.46,64.5,63.46,64.08,165830
2023-09-25,62.54,62.54,64.58,62.54,64.36,47437
2023-09-26,61.26,61.26,62.18,61.26,62.18,83105
2023-09-27,60.84,60.84,60.86,60.84,60.86,3042
2023-09-28,59.94,59.94,60.46,59.94,60.46,7972
2023-09-29,59.72,59.72,59.72,59.72,59.72,0
2023-10-02,59.68,59.68,60.3,59.54,59.92,1921
2023-10-03,58.82,58.82,59.3,58.82,59.28,8649
2023-10-04,59.0,59.0,59.42,58.64,58.64,13722
2023-10-05,57.68,57.68,59.02,57.68,59.02,12419
2023-10-06,57.6,57.6,57.6,57.6,57.6,0
2023-10-09,60.6,60.6,60.74,60.6,60.74,18815
2023-10-10,60.4,60.4,60.98,60.4,60.82,12344
2023-10-11,58.42,58.42,60.3,58.42,60.3,51147
2023-10-12,58.6,58.6,58.6,58.46,58.54,11713
2023-10-13,57.44,57.44,57.74,57.44,57.5,145339
2023-10-16,57.48,57.48,57.48,57.48,57.48,0
2023-10-17,59.36,59.36,59.36,57.74,57.96,28578
2023-10-18,58.68,58.68,59.26,58.68,59.26,2236
2023-10-19,58.4,58.4,58.9,58.16,58.16,4695
2023-10-20,57.54,57.54,57.84,57.54,57.8,29831
2023-10-23,57.72,57.72,57.74,57.28,57.28,1328
2023-10-24,58.58,58.58,58.58,57.82,57.82,879
2023-10-25,57.8,57.8,58.28,57.8,58.28,21930
2023-10-26,57.5,57.5,57.5,57.4,57.4,2473
2023-10-27,55.26,55.26,56.8,55.26,56.8,6127
2023-10-30,54.94,54.94,54.94,54.94,54.94,0
2023-10-31,55.2,55.2,55.2,55.2,55.2,0
2023-11-01,55.54,55.54,55.54,55.22,55.22,555
2023-11-02,57.9,57.9,57.9,55.94,55.94,66612
2023-11-03,59.66,59.66,59.66,57.98,58.0,14631
2023-11-06,59.52,59.52,59.84,59.5,59.5,8877
2023-11-07,59.38,59.38,59.38,59.38,59.38,0
2023-11-08,58.96,58.96,58.96,58.96,58.96,0
2023-11-09,60.58,60.58,60.58,60.02,60.02,12116
2023-11-10,60.06,60.06,60.06,60.06,60.06,0
2023-11-13,57.58,57.58,58.92,57.28,58.92,15930
2023-11-14,59.0,59.0,59.0,57.36,57.36,10029
2023-11-15,59.34,59.34,59.4,58.94,58.94,118740
2023-11-16,57.28,57.28,59.18,57.28,59.18,231309
2023-11-17,59.14,59.14,59.14,57.22,57.22,532
2023-11-20,59.02,59.02,59.02,58.8,58.8,885
2023-11-21,59.74,59.74,60.54,59.24,59.24,242259
2023-11-22,61.9,61.9,62.2,61.32,61.32,73890
2023-11-23,61.82,61.82,61.82,61.82,61.82,0
2023-11-24,61.28,61.28,61.28,61.18,61.18,6732
2023-11-27,61.9,61.9,62.12,61.46,61.46,29604
2023-11-28,61.9,61.9,61.9,60.96,61.5,23698
2023-11-29,62.02,62.02,62.02,62.0,62.0,1116
2023-11-30,63.28,63.28,63.28,63.28,63.28,3164
2023-12-01,64.6,64.6,64.6,64.4,64.4,1357
2023-12-04,64.58,64.58,64.68,64.48,64.48,11637
2023-12-05,64.06,64.06,64.06,64.06,64.06,0
2023-12-06,65.04,65.04,65.04,64.76,64.84,4214
2023-12-07,64.36,64.36,64.74,64.36,64.74,32791
2023-12-08,67.28,67.28,67.28,64.36,64.36,10680
2023-12-11,67.2,67.2,67.2,67.2,67.2,134
2023-12-12,68.1,68.1,68.26,67.7,67.98,24071
2023-12-13,67.62,67.62,68.0,67.28,67.92,12818
2023-12-14,68.18,68.18,68.18,68.18,68.18,0
2023-12-15,68.48,68.48,70.1,68.48,69.58,28352
2023-12-18,67.86,67.86,68.7,67.86,68.7,7718
2023-12-19,66.92,66.92,67.88,66.92,67.88,10038
2023-12-20,66.96,66.96,67.94,66.96,67.82,18780
2023-12-21,67.48,67.48,67.48,67.48,67.48,0
2023-12-22,66.9,66.9,67.46,66.74,67.46,3010
2023-12-27,66.96,66.96,66.96,66.96,66.96,0
2023-12-28,66.44,66.44,67.16,66.44,67.16,16646
2023-12-29,67.04,67.04,67.04,66.52,66.52,2011
2024-01-02,65.94,65.94,67.5,65.94,67.5,15834
2024-01-03,65.0,65.0,65.86,65.0,65.86,8168
2024-01-04,63.9,63.9,64.64,63.16,64.64,27546
2024-01-05,63.8,63.8,63.8,62.8,63.44,3156
2024-01-08,63.56,63.56,63.56,63.48,63.48,6477
2024-01-09,64.1,64.1,65.24,64.1,65.24,19230
2024-01-10,66.24,66.24,66.24,64.22,64.22,7286
2024-01-11,66.76,66.76,67.18,66.76,66.94,8490
2024-01-12,65.94,65.94,66.52,65.74,66.52,33090
2024-01-15,66.62,66.62,66.62,66.62,66.62,666
2024-01-16,60.02,60.02,64.9,57.9,64.9,249191
2024-01-17,57.42,57.42,59.8,57.42,59.8,69791
2024-01-18,58.14,58.14,58.46,57.76,57.76,26568
2024-01-19,58.26,58.26,59.04,58.0,58.06,17741
2024-01-22,58.04,58.04,58.76,58.04,58.26,4800
2024-01-23,57.62,57.62,58.06,57.62,57.94,18491
2024-01-24,58.86,58.86,59.44,58.36,58.98,15591
2024-01-25,58.88,58.88,58.88,58.12,58.46,34236
2024-01-26,60.08,60.08,60.1,58.8,58.8,81872
2024-01-29,59.0,59.0,60.0,58.84,60.0,8848
2024-01-30,59.34,59.34,59.34,59.02,59.06,51239
2024-01-31,57.02,57.02,59.7,57.02,59.32,29251
2024-02-01,57.02,57.02,57.32,56.74,57.02,28410
2024-02-02,56.98,56.98,57.66,56.98,57.12,10732
2024-02-05,57.06,57.06,57.36,56.36,56.36,68214
2024-02-06,57.5,57.5,57.5,56.94,56.98,11787
2024-02-07,57.06,57.06,57.44,57.06,57.44,1141
2024-02-08,58.7,58.7,58.7,57.3,57.3,2348
2024-02-09,60.06,60.06,60.2,58.6,58.6,24969
2024-02-12,62.2,62.2,62.2,60.72,60.72,15624
2024-02-13,61.8,61.8,62.0,61.8,61.88,18653
2024-02-14,63.2,63.2,63.2,61.64,61.64,8848
2024-02-15,63.26,63.26,64.06,63.26,63.52,4758
2024-02-16,63.98,63.98,64.02,63.4,63.4,4479
2024-02-19,62.9,62.9,63.36,62.9,63.36,14165
2024-02-20,61.8,61.8,62.66,61.8,62.66,18128
2024-02-21,63.62,63.62,63.62,62.32,62.32,35536
2024-02-22,64.36,64.36,64.36,63.84,63.84,322
2024-02-23,63.6,63.6,63.92,63.34,63.92,256960
2024-02-26,63.78,63.78,63.78,62.98,63.3,6662
2024-02-27,63.58,63.58,63.58,63.46,63.46,11442
2024-02-28,63.24,63.24,63.72,63.08,63.72,56948
2024-02-29,63.06,63.06,63.58,63.06,63.58,1524
2024-03-01,63.8,63.8,63.8,62.56,62.88,196935
